text,category
can raison revanche très politique samuel etoo grâce parcours cameroun rmc sport,Politique
cameroun où l’enquête mort d’anicet ekane jeune afrique,Politique
cameroun l’opposant anicet ekane arrêté suite l’élection présidentielle meurt détention mondefr,Politique
cameroun renouvellement gouvernemental biya vatil débarrasser figures controversées impopulaires gouvernement actuel koacicom,Politique
réparation politique emmanuel macron reconnait guerre menée france cameroun pendant décolonisation radio france,Politique
présidentielle cameroun forte participation “sursaut collectif” courrier international,Politique
cameroun polémique mode désignation maurice kamto tête mrc rfi,Politique
election présidentielle cameroun jeunesse face défi démocratique ccfdterre solidaire,Politique
cameroun étude montre réseaux sociaux font politique – viceversa linstitut français relations internationales ifri,Politique
cameroun « fous roi » manient l’humour parler librement politique croix,Politique
sérail vers nomination d’une femme première ministre cameroun actu cameroun,Politique
cameroun l’appel contester réélection paul biya suivi douala yaoundé mondefr,Politique
cameroun paul biya atil définitivement perdu l’église jeune afrique,Politique
cameroun paul biya point “d’atteindre présidence vie” courrier international,Politique
cameroun demande médias suspendre toute émission politique pendant campagne présidentielle rfi,Politique
election présidentielle cameroun face paul biya ans l’espoir d’un changement mondefr,Politique
election présidentielle cameroun cinq recours déposés auprès conseil constitutionnel mondefr,Politique
election présidentielle cameroun l’opposant maurice kamto conteste disqualification mondefr,Politique
samuel eto’o président football camerounais « problèmes viennent fait gens pensent veux devenir chef d’etat » mondefr,Politique
cameroun issa tchiroma bakary l’homme ose défier paul biya mondefr,Politique
“onde choc” cameroun après mort détention d’un opposant historique courrier international,Politique
cameroun tensions croissantes autour leader l’opposition maurice kamto parti tvmonde,Politique
cameroun anicet ekane opposant président paul biya mort prison franceinfo,Politique
cameroun pays où l’alternance politique reste “constamment piégée” courrier international,Politique
cameroun principal opposant paul biya évincé “le contraire étonné” courrier international,Politique
présidentielle cameroun paul biya ans réélu huitième fois tête pays opposant issa tchiroma bakary dénonce « mascarade » mondefr,Politique
présidentielle cameroun maurice kamto lopposant veut tenter nouvelle fois faire tomber paul biya tvmonde,Politique
cameroun contestation résultat élections poursuit courrier international,Politique
cameroun trois nouvelles journées ville morte lappel tchiroma bakary exil gambie tvmonde,Politique
présidentielle cameroun enfin candidat unique l’opposition courrier international,Politique
vidéo cameroun quel bilan lopération villes mortes après réélection biya tvmonde,Politique
cameroun paul biya peutil venir bout tensions postélectorales rfi,Politique
cameroun maurice kamto privé délection présidentielle justice dénonce décision politique rfi,Politique
cameroun affaire journaliste martinez zogo ancien responsable dgre dénonce opération menée hors cadre légal koacicom,Politique
présidentielle cameroun face paul biya onze candidats opposition ordre dispersé france,Politique
crise postélectorale cameroun «avec président biya gens n’ont plus rien perdre libération,Politique
présidentielle cameroun issa tchiroma bakary désigné candidat consensuel dune partie lopposition tvmonde,Politique
cameroun perspectives politiques dw,Politique
loyauté cameroun essai ordre politique crises monde diplomatique,Politique
cameroun discours dinvestiture paul biya suscite nombreuses réactions rfi,Politique
cameroun tensions montent d’un cran après l’annonce victoire paul biya croix,Politique
présidentielle cameroun «quiconque observe scène politique sattendait candidature paul biya» rfi,Politique
cameroun entre continuité reprise main paul biya verrouille dix régions jeune afrique,Politique
cameroun mort détention militant gauche anicet ekane déclenche vive émotion lhumanité,Politique
présidentielle cameroun issa tchiroma bakary agite menace manifestations avant décision conseil constitutionnel tvmonde,Politique
cameroun retour pays lopposant maurice kamto fait réagir classe politique rfi,Politique
cameroun mois lélection présidentielle l’onu déplore situation politique pays africaradiocom,Politique
présidentielle cameroun attention deepfake d’ibrahim traoré rfi,Politique
présidentielle cameroun tension monte report l’annonce résultats courrier international,Politique
election présidentielle cameroun résultats imminents font craindre instabilité politique bbc,Politique
élection paul biya cameroun victoire secoue toute nation bbc,Politique
cameroun déclarations paul atanga nji après mort danicet ekane font polémique rfi,Politique
depuis guadeloupe aurélie suit appréhension lélection présidentielle cameroun pays dadoption outremer ère,Politique
cameroun paul biya crépuscule dinosaures jeune afrique,Politique
présidentielle cameroun « parti paul biya a crise confiance » jeune afrique,Politique
cameroun l’onu dénonce restrictions l’espace civique l’approche présidentielle mondefr,Politique
présidentielle cameroun issa tchiroma bakary « politique excellence » jeune afrique,Politique
paul biya “propriétaire absent” cameroun depuis courrier international,Politique
cameroun premier bilan dune semaine campagne électorale rfi,Politique
cameroun maurice kamto seul véritable rival biya exclu présidentielle point,Politique
série cameroun débat politique déconnecté illusoire mondafrique,Politique
cameroun sept défis capitaux paul biya après présidentielle jeune afrique,Politique
cameroun emmanuel macron reconnaît france a mené « guerre » avant après l’indépendance lopinion,Politique
cameroun vives réactions après mort lopposant anicet ekane rfi,Politique
présidentielle cameroun hermine patricia tomaino ndam njoya candidate ludc invitée tvmonde tvmonde,Politique
présidentielle cameroun validité candidature paul biya contestée autre candidat tvmonde,Politique
cameroun paul biya si longue fin règne jeune afrique,Politique
vidéo cameroun gouvernement change tente lapaisement tvmonde,Politique
crise postélectorale cameroun dirigeants actuels confisqué pouvoir sen servent terroriser peuple tvmonde,Politique
cameroun l’opposant anicet ekane mort détention jeune afrique,Politique
cameroun l’étonnante diplomatie autour l’exil tchiroma bakary jeune afrique,Politique
cameroun nouvelle opération ville morte dw,Politique
berlin simplifie délivrance visas camerounais dw,Politique
cameroun changement estil possible dw,Politique
vidéo cameroun paul biya clé voûte dun système politique inamovible tvmonde,Politique
francecameroun opération vérité nécessaire mondefr,Politique
cameroun candidature lopposant maurice kamto toujours menacée dinvalidation rfi,Politique
présidentielle cameroun «collectif d’intellectuels patriotes» réclame «stratégie commune» l’opposition rfi,Politique
cameroun rôle chefs traditionnels politique dw,Politique
macron reconnaît france a mené guerre cameroun pendant décolonisation brut,Politique
cameroun alice nkom parle situation politique dw,Politique
cameroun maurice kamto avenir politique suspens yahoo actualités,Politique
présidentielle cameroun comment paul biya a proposé primature issa tchiroma bakary jeune afrique,Politique
cameroun capvert récit l’opposant fabrice lena évadé prison douala jeune afrique,Politique
cameroun soupçonné denrichissement rapide ministre mines annonce fermeture sites miniers illégaux koacicom,Politique
langues politiques cameroun enjeux perspectives d’une cohabitation complexe openedition journals,Politique
cameroun côte divoire pape léon xiv face revendications églises locales plus transparence politique tvmonde,Politique
présidentielle cameroun paul biya candidat rdpc malgré défections sein gouvernement tvmonde,Politique
présidentielle cameroun «voir léglise prendre position distante visàvis paul biya significatif» rfi,Politique
cameroun candidats peinent financer campagne dw,Politique
cameroun élections régionales dominées rdpc paul biya jeune afrique,Politique
cameroun questions comprendre duel biyatchiroma enjeux jeune afrique,Politique
présidentielle cameroun hiram iyodi candidat déclaré jeunesse face « gérontocratie » jeune afrique,Politique
cameroun candidature paul biya présidentielle divise journal lafrique france,Politique
plusieurs morts lors manifestations cameroun amont résultats présidentielle france,Politique
cameroun sentiment entre fatalisme amertume dw,Politique
vidéo cameroun plaidoyer changement politique venu grand nord pays tvmonde,Politique
décryptage fadimatou mpabe analyste politique cameroun sous conduite président paul biya femmes occupent désormais place plus forte gestion affaires publiques c’est cette vision progressiste pousse m’investir africa tv,Politique
jeunesse camerounaise face l’élection présidentielle dw,Politique
tchiroma bakary autres après présidentielle cameroun l’opposition entre sanction survie renouveau jeune afrique,Politique
élections cameroun côte d’ivoire l’alternance impossible radio france,Politique
centrafrique touadéra réélu président selon lautorité nationale élections dologuélé revendique victoire tvmonde,Politique
voeux présidents dafrique centrale fond délections rfi,Politique
lannée politique afrique coups détat élections manifestations bbc,Politique
tanzanie électeurs désertent bureaux vote élections présidentielle législatives sans suspense manifestants défilé dar essalaam mondefr,Politique
cameroun paul biya ans vainqueur d’une présidentielle légitimité contestée libération,Politique
afrique coups d’état élections verrouilléesfocus gilles yabi boursorama,Politique
quoi servent encore élections afrique dw,Politique
fautil suspendre élections présidentielles sauver démocratie afrique point,Politique
élections afrique a souvent grand absent lopposition lexpress,Politique
centrafrique élections générales lieu décembre mondefr,Politique
afrique bilan démocratique mitigé lannée où «la loi plus fort sest banalisée» rfi,Politique
centrafrique président faustinarchange touadéra favori lélection présidentielle tvmonde,Politique
afrique lopposition souvent absente élections dw,Politique
election présidentielle cameroun l’opposition retient souffle mondefr,Politique
côte divoire parti dalassane ouattara remporte facilement élections législatives selon résultats partiels tvmonde,Politique
election côte d’ivoire alassane ouattara position force après l’exclusion définitive principaux rivaux mondefr,Politique
l’intégrité élections tanzanie « compromise » selon l’union africaine mondefr,Politique
election présidentielle cameroun face paul biya ans l’espoir d’un changement mondefr,Politique
guinéebissau élit prochain président enjeu majeur stabilité mondefr,Politique
présidentielle législatives guinéebissau pourquoi fautil sintéresser élections générales bbc,Politique
afrique élections révèleront test crédibilité défense normes démocratiques africa center for strategic studies,Politique
tanzanie présidente proclamée gagnante plus suffrages après trois jours violences libération,Politique
élection présidentielle guinéebissau vote historique sous tension enjeu majeur stabilité tvmonde,Politique
vidéo élections gage démocratie paravent régimes autoritaires tvmonde,Politique
deepfakes élections afrique prochaine grande menace démocratique the conversation,Politique
élections tanzanie samia suluhu hassan remporte scrutin alors centaines personnes trouvé mort troubles bbc,Politique
journal lafrique elections générales guinéebissau résultats attendus semaine prochaine france,Politique
biya ouattara retour élections « gagnées d’avance » jeune afrique,Politique
elections président côte divoire saccroche pouvoir echos,Politique
élections tanzanie craintes suscitées vote chez personnes atteintes dalbinisme bbc,Politique
guinéebissau commission électorale nest mesure publier résultats élections france,Politique
afriquerépublique centrafricaine « prochaines élections événement historique manquer » affirment évêques agenzia fides,Politique
tanzanie s’embrase après élection présidentielle verrouillée pouvoir libération,Politique
election présidentielle cameroun climat tendu régions anglophones entre villes mortes forte présence militaire bbc,Politique
présidentielle côte divoire fermeture bureaux vote début dépouillement tvmonde,Politique
présidentielle côte divoire alassane ouattara officialise candidature l’élection octobre point,Politique
élection présidentielle côte divoire ancienne première dame magnat « homme confiance » disputent pouvoir bbc,Politique
elections générales guinéebissau tout quil faut savoir présidentielle législatives bbc,Politique
vidéo côte divoire élection présidentielle sous haute sécurité tvmonde,Politique
guinéebissau lattente résultats élections léconomie tourne ralenti rfi,Politique
présidentielle côte divoire premiers résultats tombent scores faveur ouattara certains départements tvmonde,Politique
élections guinéebissau journée vote calme électeurs mobilisés dès premières heures rfi,Politique
election présidentielle cameroun résultats imminents font craindre instabilité politique bbc,Politique
journal lafrique tension monte cameroun lattente résultats lélection présidentielle france,Politique
élections afrique opposants écartés manifestations résultats contestés africanews,Politique
sest passé retour proclamation officielle résultats élections cameroun côte divoire dhier bbc,Politique
présidentielle cameroun recours déposés conseil constitutionnel résultats officiels attendus jours tvmonde,Politique
guinéebissau chef lopposition domingos simoes pereira annonce retour vue élections tvmonde,Politique
afrique deux mois d’élections entre continuité changement apanews agence presse africaine,Politique
élections tanzanie crainte plusieurs centaines morts alors manifestations poursuivent bbc,Politique
vidéo centrafrique sept candidats lélection présidentielle décembre tvmonde,Politique
bénin après présidentielle parti d’opposition démocrates recalé élections locales rfi,Politique
grand invité afrique cameroun «l’élection présidentielle d’octobre sans doute scrutin historique» rfi,Politique
gabon l’élection présidentielle prévue avril jouera entre quatre candidats mondefr,Politique
présidentielle côte d’ivoire incarner lopposition alassane ouattara tvmonde,Politique
vérif favori prochaines élections namibie sappelletil vraiment adolf hitler tf info,Politique
namibie adolf hitler uunona bonne position décrocher second mandat élections locales inews,Politique
élection malawi lazarus chakwera peter mutharika saffrontent lors match revanche bbc,Politique
boycott élections afrique stratégie payante dw,Politique
érythrée pourquoi pays norganise délection bbc,Politique
présidentielle cameroun tension postélectorale accusations fraude lattente résultats scrutin bbc,Politique
an après lélection donald trump quelles conséquences afrique rfi,Politique
elections guinée caution dollars présenter élections choque bbc,Politique
présidentielle côte divoire récit d’une journée vote village d’abidjan france,Politique
observatoire élections afrique l’ouest iris institut relations internationales stratégiques,Politique
élection présidentielle cameroun tvmonde,Politique
élection présidentielle afrique plusieurs enjeux majeurs classe export,Politique
résultats élection côte d’ivoire conseil constitutionnel confirme alassane ouattara élu suffrages bbc,Politique
général mamadi doumbouya candidat lélection présidentielle décembre guinée bbc,Politique
élections côte divoire liste définitive candidats publiée laurent gbagbo tidjane thiam écartés tvmonde,Politique
élections gabon oligui nguema élu président sept ans tvmonde,Politique
présidentielle cameroun inquiétudes chez pays voisins face risques crise postélectorale tvmonde,Politique
grand invité afrique centrafrique «les conditions réunies élections» rfi,Politique
ahoua don mello porte candidat lélection présidentielle côte divoire tvmonde,Politique
journal lafrique cameroun candidat présidentielle octobre france,Politique
achille mbembe «une élection libre indépendante nest possible moment cameroun» rfi,Politique
encadré élections cruciales attendent plusieurs pays africains anadolu ajansı,Politique
vidéo burundi ouverture campagne élections législatives communales tvmonde,Politique
election cameroun guide tout savoir présidentielle octobre bbc,Politique
élections côte divoire «la préservation paix» doit primer face droit mgr jacques ahiwa rfi,Politique
analyse – côte d’ivoire cameroun bal mandats impossibles lediplomatemedia,Politique
côte divoire début vote lélection présidentielle rtbf,Politique
élection cameroun paul biya dirigeant perd jamais bbc,Politique
election présidentielle côte divoire pourquoi scrutin octobre estil important bbc,Politique
election présidentielle côte divoire charles blé goudé apporte soutien simone gbagbo bbc,Politique
guinée premier ministre promet référendum élections présidentielle législatives mondefr,Politique
élection présidentielle côte divoire cadres lopposition entendus police après violences abidjan tvmonde,Politique
élection paul biya cameroun victoire secoue toute nation bbc,Politique
élection président banque africaine développement mode d’emploi jeune afrique,Politique
après élections allemagne lafrique lexpectative infomigrants,Politique
démocratie recule afrique participation politique selon lafrobaromètre rfi,Politique
plusieurs morts lors manifestations cameroun amont résultats présidentielle france,Politique
burundi parti pouvoir remporte tous sièges législatives france,Politique
élection présidentielle cameroun gouvernement condamne sortie d’issa tchiroma bakary revendique victoire bbc,Politique
afrique sud patrice motsepe nourritil ambitions présidentielles jeune afrique,Politique
election présidentielle gabon attentes jeunes bbc,Politique
election présidentielle gabon tout quil faut savoir scrutin bbc,Politique
résultats élection gabon brice clotaire oligui nguema remporte présidentielle voix bbc,Politique
election présidentielle cameroun campagne électorale sous tension régions anglophones bbc,Politique
budget bruno retailleau demande gouvernement davoir courage faire franceinfo,Politique
allocation sociale unique comment gouvernement veut faciliter laccès aides tout encourageant travail echos,Politique
forum bfm a incapacité gouvernement prendre décisions acter choses déplore samuel président fdsea bfm,Politique
sujet brûlant lequel députés lr prêts voter censure huffpost,Politique
mercosur si emmanuel macron vote l’accord «il prend risque dune censure» gouvernement prévient bruno retailleau figaro,Politique
mercosur bardella annonce rn déposera motion censure contre gouvernement lecornu malgré vote contre france librebe,Politique
venezuela « soutien populaire gouvernement chaviste tel trump a luimême écarté l’opposition pouvoir » assure carlos luis rivero lhumanité,Politique
étatsunis «aujourd’hui gouvernement déclare guerre sucres ajoutés» fait savoir l’administration trump figaro,Politique
venezuela l’avènement d’un gouvernement mondial pirates gangsters alternatives economiques,Politique
côte divoire gouvernement démissionne après législatives figaro,Politique
gouvernement israélien avance marche forcée colonies cisjordanie mondefr,Politique
aesh droite sénatoriale gouvernement contre l’école inclusive projet arcadie,Politique
l’éducation nationale « délaisse » ruralité gouvernement répond france agricole,Politique
suivez direct questions gouvernement cnews,Politique
faut vite dégainer gouvernement sébastien lecornu pressé trouver solution cassetête budgétaire franceinfo,Politique
colère agriculteurs audelà gestion mobilisation gouvernement attendu tournant fond public sénat,Politique
budget bruno retailleau demande gouvernement davoir courage faire radio france,Politique
budget gouvernement cherche bon tempo lopinion,Politique
affaire assistants parlementaires fn gouvernement estime risques d’ingérence américaine « avérés » avant procès appel mondefr,Politique
plf gouvernement nexclut plus légifiscal,Politique
pourquoi gouvernement narrive contenir apaiser colère agricole tf info,Politique
colère agriculteurs maud bregeon dénonce actions illégales paris assure gouvernement laissera faire bfm,Politique
hka dénonce plan culturel gouvernement flamand comme illégal quotidien lart,Politique
grève faim arrestations comment palestine action embarrasse gouvernement britannique libération,Politique
« c’est très pénalisant » comment allocations familiales vont être rabotées décret gouvernement ouestfrance,Politique
«une personne sérieuse projet sérieux» gouvernement soutient projet reprise d’arc timothée durand lusine nouvelle,Politique
comment fonctionne réquisition médecins libéraux grève gouvernement rtlfr,Politique
espagne accord entre l’église gouvernement indemniser victimes d’abus sexuels croix,Politique
lexécutif peine contenir colère agricole malgré « non » mercosur echos,Politique
questions gouvernement questions gouvernement mardi janvier lcp,Politique
colère agricole face actions agriculteurs gouvernement contraint jeu déquilibriste franceinfo,Politique
gouvernement lecornu face l’urgence budgétaire crise agricole mondefr,Politique
manifestation agriculteurs paris gouvernement laissera faire déclare porteparole maud bregeon montagne,Politique
colère agriculteurs gouvernement juge l’action paris «pas acceptable» promet laisser faire figaro,Politique
violences sexuelles accord entre leglise gouvernement solder dette historique espagne france,Politique
prévention feux forêt végétation gouvernement lance campagne encourager débroussaillement ministère lintérieur,Politique
accord uemercosur malgré non france rn déposera motion censure contre gouvernement tf info,Politique
mercosur rn déposera motion censure contre gouvernement lecornu commission européenne annonce jordan bardella europefr,Politique
« agissez agissez vite » sénatrice tarn interpelle gouvernement sujet crise agricole actufr,Politique
dnc éleveurs face gouvernement l’ue lavantgardefr,Politique
restriction délivrance antalgiques palier i gouvernement n’a toujours tranché quotidien pharmacien,Politique
électricité cadeau très modeste gouvernement factures actualité ufcque choisir,Politique
comment gouvernement veut ressusciter l’allocation sociale unique figaro,Politique
écrans ados projet loi gouvernement présenté syndicats l’éducation nationale radio france,Politique
épargne salariale syndicats patronat s’opposent projet gouvernement bdor,Politique
gouvernement diabolisé pourquoi chaman qanon visage lassaut capitole sest retourné contre donald trump rtlfr,Politique
mercosur bardella annonce rn déposera motion censure contre gouvernement lecornu sud ouest,Politique
laction agriculteurs paris nest acceptable gouvernement laissera faire brut,Politique
gouvernement français suspend importations produits contenant pesticides interdits l’union européenne mondefr,Politique
claire landais quitte poste très stratégique secrétaire générale gouvernement mondefr,Politique
mercosur emmanuel macron « prend risque d’une censure » gouvernement s’il vote l’accord libreéchange prévient bruno retailleau mondefr,Politique
laisserons faire mise garde porteparole gouvernement maud bregeon agriculteurs rtlfr,Politique
espagne accord réparation entre gouvernement l’église victimes d’abus sexuels courrier international,Politique
mercosur rn déposera deux motions censure contre gouvernement français commission européenne cnews,Politique
budget examen reprend l’assemblée gouvernement envisage recours l’éveil hauteloire,Politique
attentat sydney gouvernement ordonne commission d’enquête nationale croix,Politique
«le gouvernement français bat plus agriculteurs» charge eric zemmour cnews,Politique
vrai faux circulation cas neige verglas ministères aménagement territoire transition écologique,Politique
gouvernement patronat sattaquent ruptures conventionnelles lhumanité,Politique
mobilisation agriculteurs «ce gouvernement n’écoute plus personne» affirme manifestant europefr,Politique
istanbul assiégée gouvernement turc épisode podcast ville contre l’état radio france,Politique
gouvernement va suspendre importations produits d’amérique sud contenant substances interdites europe mondefr,Politique
permettre salariés sacheter canapé vider compte pourquoi gouvernement fixe limite euros retirer épargne salariale sans impôt euros comme proposent députés bfm,Politique
rupture conventionnelle serpent mer épine pied milliards gouvernement capitalfr,Politique
taux livret a vatil encore baisser passer er février gouvernement va rendre décision semaine prochaine bfm,Politique
côte divoire démission gouvernement après législatives rfi,Politique
conseils avertissements mexique voyagegcca,Politique
gouvernement doit sopposer mercosur selon michel barnier ancien premier ministre bfm,Politique
colère agricole fnsea exige signal fort gouvernement appelle manifester contre traité mercosur télégramme,Politique
budget projet loi retour commission l’assemblée amélie montchalin n’exclut « rien puisse donner fin budget français » mondefr,Politique
colère agricole gouvernement sous pression rmc,Politique
economies dénergie gouvernement prend risque dune hausse prix carburants echos,Politique
«on bout» agriculteurs font irruption paris défier gouvernement lejddfr,Politique
gouvernement fait bilan fixe orientations lecourriervn,Politique
mercosur lautre risque censure sébastien lecornu echos,Politique
crise agricole déçus gouvernement syndicats reprennent blocages echos,Politique
crise agricole gouvernement sous forte pression france comme bruxelles echos,Politique
séance publique janvier aprèsmidi direct sénat,Politique
loi spéciale tension monte entre gouvernement sénateurs demandent recours public sénat,Politique
veut continuer maintenir pression gouvernement agriculteurs occupent place létoile paris bfm,Politique
phil gunson « si trump n’oblige gouvernement vénézuélien organiser élections libres peuvent s’entendre presque tout » mondefr,Politique
jeanfrançois copé lr partis gouvernement commettent erreur historique parlant français mercosur autrement manière assez démagogique bfm,Politique
tracteurs interdits voulant calmer colère agriculteurs gouvernement met feu poudres lhumanité,Politique
volons pétrole personne gouvernement trump dément ambitions venezuela actufr,Politique
« gouvernement espagnol coalition a fait choix lier explicitement transition écologique justice sociale » mondefr,Politique
transfert base américaine futenma gouvernement cherche l’accord autorités locales nipponcom,Politique
j’étais furieux sélectionneur sudafricain critique can maroc fortement recadré gouvernement ladepechefr,Politique
podcasts labandon jour chirinne ardakani cest défaite politique gouvernement tient plus répression rmc,Politique
accident travail gouvernement augmente budget l’inrs figaro,Politique
document selon gouvernement dernières propositions haut conseil climat mises œuvre l’étude contexte,Politique
procès marine pen risques d’ingérence étatsunis “pas avérés” selon gouvernement berry républicain,Politique
tracteurs cœur paris action acceptable gouvernement france,Politique
gouvernement néoécossais annonce nouveau plan communauté lgbtq l’actualité,Politique
colère agriculteurs centaine tracteurs paris gouvernement «ne laissera faire» actions agriculteurs voix nord,Politique
cameroun l’attente dun nouveau gouvernement deux mois après linvestiture paul biya rfi,Politique
mercosur retailleau menace macron d’une censure gouvernement lecornu s’il vote l’accord commercial parisien,Politique
épargne salariale gouvernement prêt rediscuter limite euros capitalfr,Politique
fr question mercosur accentue pression gouvernement lecornu contexte,Politique
allocation sociale unique date encore beaucoup dinterrogations projet gouvernement lopinion,Politique
édito linquiétude gouvernement face colère agriculteurs bfm,Politique
coupe dafrique nations maroc legypte lalgérie cameroun sénégal cest tableau rêvé programme quarts eurosport,Sport
j’étais furieux sélectionneur sudafricain critique can maroc fortement recadré gouvernement ladepechefr,Sport
vidéo can mars jour où maroc a remporté première coupe dafrique nations ouestfrance,Sport
coupe d’afrique nations enjeux géopolitiques sport power ambitions maroc iris institut relations internationales stratégiques,Sport
coupe d’afrique nations sous influence française off investigation,Sport
can vue dingue critiques supporters position très excentrée places plus chères stade rmc sport,Sport
can transferts dargent cours super eagles disputeront bien quart finale contre lalgérie tvmonde,Sport
walid regragui connaissant camerounais naccepteront avoir ballon eurosport,Sport
coupe d’afrique nations maroc aussi celle diasporas courrier international,Sport
camerounmaroc amin omar l’arbitre égyptien désigné diriger quart finale can parisien,Sport
podcast « afrique football club » pourquoi maroc a raison craindre cameroun léquipe,Sport
vidéo can « cameroun bête noire historique maroc » déclare regragui veille choc ouestfrance,Sport
can comportement sélectionneur inacceptable ministre sports sudafricain recadre hugo broos après critiques l’organisation maroc rmc sport,Sport
« a voulu l’honorer » beau geste fédération algérienne football envers supporter congolais chambré amoura parisien,Sport
« inacceptable » l’arbitre maroc cameroun toujours désigné fédération marocaine monte créneau ouestfrance,Sport
vidéo équipe africaine peutelle gagner coupe monde jour ouestfrance,Sport
can « c’est moment » sélectionneur mali « impressionné » sénégal ouestfrance,Sport
can « paierai personnellement » comment capitaine nigeria a évité boycott avant quart contre l’algérie ouestfrance,Sport
algérie nigeria après menace boycott super eagles vont recevoir leurs primes can ouestfrance,Sport
football voyezvous sénégal kalidou koulibaly remporter deuxième coupe dafrique nations vosges matin,Sport
can tableau rêve quarts finale tournoi mondefr,Sport
« fait ça » ministre sports sudafricain recadre hugo broos après critiques can ouestfrance,Sport
gironde gernot rohr « bénin a frôlé l’exploit face l’égypte » francebleufr,Sport
coupe dafrique nations côte divoireegypte camerounmaroc quarts finale xxl franceinfo,Sport
can chants algériens hostiles juifs marocains signalés lyon ouestfrance,Sport
vidéo lémission can l’algérie bout suspense côte d’ivoire assure… tableau quarts finale complété ouestfrance,Sport
can chocs quarts finale dw,Sport
maroc cameroun quart finale can présentation informations historique faceàface olympicscom,Sport
vidéo can algérie rd congo « faut fête football africain » lâche desabre ouestfrance,Sport
can équipe arrêtée autorités footballfr,Sport
can « insupportable » légende foot africain dézingue hugo broos après critiques l’organisation ouestfrance,Sport
can joueurs nés france largement représentés parmi sélections africaines compétition ouestfrance,Sport
can comment maroc devenu locomotive football africain croix,Sport
can tableau complet quarts finale potentiel marocalgérie demies parisien,Sport
totalenergies caf tous unis football totalenergiescom,Sport
algérierdc revivez qualification fil fennecs bout prolongation huitièmes finale can mondefr,Sport
can calendrier programme complet quarts dates horaires matchs parisien,Sport
can calendrier équipes qualifiées diffusion tv tout savoir matchs quarts finale coupe dafrique nations rmc sport,Sport
can tous quatre ans respect football africain concession fifa réactions multiplient tvmonde,Sport
jouez jamais foot épouvantables grosses critiques football maghrébin journaliste philippe doucet rmc sport,Sport
can l’algérie grimpe maroc reste favori… prédictions d’opta quarts finale ouestfrance,Sport
can lalgérie rejoint nigeria quart finale éliminant rd congo bout prolongation ouestfrance,Sport
si jésus vrai héros coupe dafrique nations football info chrétienne,Sport
peu surprises cadors rendezvous quarts finale can d’une densité rarement vue rmc sport,Sport
football coupe d’afrique menu alléchant quarts quotidienlu,Sport
cameroun défait lafrique sud rejoint maroc quarts finale can léquipe,Sport
fifa forward plus milliard dollars développer football afrique depuis maroc diplomatique,Sport
football célébration transformer but branding culturel afrique,Sport
algérie nigeria super eagles menacent boycotter l’entraînement avant quart finale can ouestfrance,Sport
a deschamps marocain joue foot maroc regragui coeur crispations malgré qualification quarts can rmc sport,Sport
football ch afrique nations can emerse faé « imposer rythme contre légypte » léquipe,Sport
cameroun maroc pronostics meilleurs paris cotes coupe d’afrique nations flashscorefr,Sport
football chances lafrique sud can tvmonde,Sport
programme complet quarts finale can léquipe,Sport
can camerounmaroc algérienigeria réservent quarts finale très relevés tvmonde,Sport
can succèdera côte divoire palmarès complet vainqueurs coupe dafrique nations football olympicscom,Sport
can cap quarts finale kalidou koulibaly jeanphilippe krasso devis epassy vosges matin,Sport
« faut respecter l’afrique » quand décision d’organiser can tous quatre ans divise football africain parisien,Sport
direct can « maroc algérie cest laffiche fait rêver nest sûr match lieu parisien,Sport
grand invité afrique youssouf mulumbu «non can football tous quatre ans » rfi,Sport
can faut respecter lafrique coupe dafrique nations tous ans agace football africain eurosport,Sport
côte divoireburkina faso sans trembler eléphants rejoignent legypte quarts finale can rmc sport,Sport
deux coéquipiers s’embrouillent l’un d’eux menace quitter sélection grosse tension sein l’équipe nigeria can ladepechefr,Sport
can tous ans manque respect uns promesse dattractivité autres football africain divisé tvmonde,Sport
brahim diaz superstar début coupe dafrique nations porte maroc cache lacunes eurosport,Sport
football can cameroun écarte lafrique sud rejoint maroc quart finale dauphiné libéré,Sport
can critiqué qualité jeu maroc walid regragui prend france comme exemple ouestfrance,Sport
football coupe dafrique nations canal,Sport
can jusqu’où maroc peutil financer fête football jeune afrique,Sport
sélectionneur français binationaux réorganisation comment rdc redevenue lune meilleures équipes dafrique rmc sport,Sport
algérierd congo bout prolongation fennecs rejoignent nigeria quart finale can rmc sport,Sport
can belle histoire l’iconique supporter congolais reçoit maillot signé amoura après polémique ouestfrance,Sport
nigeriamozambique sans pitié mambas super eagles attendent vainqueur dalgérierdc rmc sport,Sport
algérierd congo quelle heure quelle chaîne tv voir match huitièmes finale can rmc sport,Sport
coupe dafrique nations estelle partie être inoubliable léquipe,Sport
can cinq choses savoir david pagou l’entraîneur local a guidé cameroun quarts finale ouestfrance,Sport
fifa forward plus milliard dollars développer football afrique depuis linformationma,Sport
can programme calendrier maroc horaires matchs lions latlas coupe dafrique nations olympicscom,Sport
hannibal mejbri dénonce létat football tunisie après lélimination can « retard rapport lalgérie maroc autres pays dafrique » léquipe,Sport
faut respecter lafrique can tous quatre ans divise football africain france,Sport
can « logique bon football africain » l’algérien aïssa mandi compétition tous ans ouestfrance,Sport
can larmes lumumba emblématique supporter immobile après l’élimination rd congo rmc sport,Sport
podcast « afrique football club » pourquoi lalgérie favorite contre rdc léquipe,Sport
can philippe troussier « sorcier blanc » candidat poste sélectionneur tunisie ouestfrance,Sport
égypte bénin quelle heure quelle chaîne suivre huitième finale can ouestfrance,Sport
football célébration transformer but branding culturel afrique,Sport
côte divoireburkina faso quelle heure quelle chaîne tv regarder match huitièmes finale can rmc sport,Sport
algérierd congo pourquoi fbi présent rabat e finale can rmc sport,Sport
can belle prime offerte président cameroun joueurs après qualification quarts finale rmc sport,Sport
can pourquoi laffiche algérierd congo huitièmes agace autant claude roy rmc sport,Sport
podcast « afrique football club » groupe groupe tout quil faut savoir can léquipe,Sport
« vive cameroun gagne » ministre sports annonce verser € chaque joueur après qualification quarts can léquipe,Sport
joueurs nigeria font planer menace dun boycott avant quart finale can contre lalgérie léquipe,Sport
can sélectionneur fait scandale après sortie piquante maroc foot mercato,Sport
can comportement sélectionneur inacceptable ministre sports sudafricain recadre hugo broos après critiques l’organisation maroc rmc sport,Sport
« fait ça » ministre sports sudafricain recadre hugo broos après critiques can ouestfrance,Sport
can tableau rêve quarts finale tournoi mondefr,Sport
can héros lalgérie adil boulbina reçu offre naturalisation dun autre pays avant choisir fennecs rmc sport,Sport
can équipe arrêtée autorités footballfr,Sport
can reprise sans bennacer photos dzfoot,Sport
can beau geste l’algérie envers supporter emblématique congolais après polémique déclenchée joueur ladepechefr,Sport
can maroc algérie attendu tableau quarts finale résultats direct linternautecom,Sport
can après algériecongo amoura chambre lumumba triomphe mémoires libération,Sport
can cinq joueurs dont valeur va exploser mercato onze mondial,Sport
can tout quil faut savoir quarts finale bbc,Sport
can restaurants bars salons thé… où suivre matchs maroc paris îledefrance parisien,Sport
sil gagne can viré walid regragui sous pression marocains france,Sport
can quarts finale quelle chaîne quelle heure regarder cameroun maroc sports orange sports orange,Sport
can comment maroc a lutté contre problèmes d’affluence foot mercato,Sport
vidéo can mars jour où maroc a remporté première coupe dafrique nations ouestfrance,Sport
can sélectionneur cameroun « maroc favori naturel » quart finale explosif parisien,Sport
can après crainte boycott joueurs nigeria devraient bien recevoir leurs primes avant choc contre lalgérie rmc sport,Sport
malisénégal quelle heure quelle chaîne suivre quart finale can léquipe,Sport
camerounmaroc amin omar l’arbitre égyptien désigné diriger quart finale can parisien,Sport
can vue dingue critiques supporters position très excentrée places plus chères stade rmc sport,Sport
vidéo can « cameroun bête noire historique maroc » déclare regragui veille choc ouestfrance,Sport
algérie nigeria après menace boycott super eagles vont recevoir leurs primes can ouestfrance,Sport
can chants algériens hostiles juifs marocains signalés lyon ouestfrance,Sport
algérienigeria avant quart can gouvernement nigérian cède face menace boycott super eagles parisien,Sport
can infractions traitées stades depuis début compétition ouestfrance,Sport
can lyon chants algériens hostiles juifs marocains signalés préfète figaro,Sport
can programme quarts finale dates horaires calendrier matchs coupe dafrique nations olympicscom,Sport
nigeria joueurs devraient recevoir leurs primes avant défier lalgérie sports orange sports orange,Sport
can maroc walid regragui met pression cameroun foot mercato,Sport
can pourquoi l’équipe nigeria menacetelle faire grève avant quart finale contre l’algérie cnews,Sport
can nigeria vatil déclarer forfait contre l’algérie canal,Sport
can supporter rd congo figé lumumba larmes moqué joueur lors défaite face lalgérie tvmonde,Sport
direct camerounmaroc can suivre direct léquipe,Sport
can maroc favori titre lalgérie embuscade prédictions dopta avant quarts finale rmc sport,Sport
l’algérie qualifiée demifinales can avant jouer sportsfr,Sport
algérienigeria annulé décision prise sportsfr,Sport
can riyad mahrez l’étoile algérienne refuse s’éteindre mondefr,Sport
can « six mois a coupe monde » regragui rejette pression cameroun ouestfrance,Sport
can matches programme diffusion horaire… tout savoir quarts finale coupe d’afrique ouestfrance,Sport
walid regragui prédit grand achraf hakimi face cameroun « na encore vu prime arrivera demain » léquipe,Sport
maroc cameroun quart finale can présentation informations historique faceàface olympicscom,Sport
can « c’est moment » sélectionneur mali « impressionné » sénégal ouestfrance,Sport
can calendrier équipes qualifiées diffusion tv tout savoir matchs quarts finale coupe dafrique nations rmc sport,Sport
can quarts finale plus relevés lhistoire rfi,Sport
can calendrier programme complet quarts dates horaires matchs parisien,Sport
can transferts dargent cours super eagles disputeront bien quart finale contre lalgérie tvmonde,Sport
can maroc algérie sénégal nigeria… tableau complet quarts finale coupe dafrique toutes affiches rmc sport,Sport
can maroc cameroun s’affronteront quarts finale mondefr,Sport
programme complet quarts finale can léquipe,Sport
can géants continent rendezvous quarts finale tf info,Sport
direct can « maroc algérie cest laffiche fait rêver nest sûr match lieu parisien,Sport
can l’algérie rejoint nigeria quarts finale côte d’ivoire affrontera l’egypte après victoire contre burkina faso mondefr,Sport
can trois membres section paloise remis trophée dhomme match après algérie rdc rugbyrama,Sport
can maroc bonheur binationaux radio france,Sport
can camerounmaroc algérienigeria réservent quarts finale très relevés tvmonde,Sport
can tableau complet quarts finale coupe d’afrique nations ouestfrance,Sport
can l’egypte nigeria qualifient quarts finale mondefr,Sport
can tableau complet quarts finale potentiel marocalgérie demies parisien,Sport
can sous pavés dagadir plage foot rfi,Sport
can par… booder « coupe d’afrique ça vit milieu peuple petitsfours parisien,Sport
can résultats complets huitièmes finale parisien,Sport
vidéo lémission can l’algérie bout suspense côte d’ivoire assure… tableau quarts finale complété ouestfrance,Sport
can jusquà deux matchs jour neuf stades déjà testés lincroyable périple autostop david maroc rmc sport,Sport
tableau complet quarts finale can minutes,Sport
can tout savoir quarts finale sports orange sports orange,Sport
premiers luca zidane can franceinfo,Sport
malisénégal « impressionné » lions sélectionneur malien attend « guerre » quarts finale can parisien,Sport
can « tout seul tout faire » lassine sinayoko l’arbre cache forêt mali ouestfrance,Sport
lea réception maroc vendredi quarts finale réveille souvenirs douloureux maroc « mitemps a dit quil décédé » léquipe,Sport
can rassemblements supporters interdits champsélysées pendant quarts finale rmc sport,Sport
can maroccameroun flou troublant veille coup d’envoi gazette fennec,Sport
can pourquoi nayef aguerd pilier sélection maroc fait l’unanimité parisien,Sport
can enjeux quarts finale lepetitjournalcom,Sport
can maroc a joué faire peur reste grand favori mondefr,Sport
can prêt guerre coach mali nest impressionné sénégal rmc sport,Sport
maroc l’algérie vont s’affronter can franceinfo,Sport
can l’algérie grimpe maroc reste favori… prédictions d’opta quarts finale ouestfrance,Sport
can vers forfait nigeria face l’algérie joueurs menacent faire grève questions d’argent ladepechefr,Sport
can – huitièmes finale matchs janvier maroc radio sports,Sport
can walid regragui sous pression supporters marocains france,Sport
can programme matchs d’aujourd’hui mardi janvier choc l’algérie parisien,Sport
can statue vivante lumumba reçoit excuses honneurs léquipe dalgérie france,Sport
can maroc comment brahim diaz a réussi conquérir public marocain foot mercato,Sport
can sélectionneur mali n’est impressionné sénégal foot mercato,Sport
can nouveau maroc walid regragui joue carte l’humilité face critiques rmc sport,Sport
can tableau complet quarts finale foot mercato,Sport
radio foot internationale can entre moment vérité rfi,Sport
can tableau complet quarts finale résultats direct linternautecom,Sport
can maroc algérie égypte retrouvez tableau complet quarts finale composé belles affiches figaro,Sport
can larmes lumumba emblématique supporter immobile après l’élimination rd congo rmc sport,Sport
can nigeria saborde coulisses avant d’affronter l’algérie foot mercato,Sport
can quand sosie patrice lumumba figure l’indépendance congolaise s’invite tribunes mondefr,Sport
can joli geste fédération algérienne lumumba lemblématique supporter rd congo rmc sport,Sport
can accès frauduleux stades vente illégale billets infractions traitées selon parquet figaro,Sport
can nigeria vers forfait contre l’algérie footballfr,Sport
can joueurs nigeria menacent aller marrakech quart contre lalgérie cause dun problème primes rmc sport,Sport
can fbi présent e finale entre l’algérie république démocratique congo figaro,Sport
brut dafrique louest marché reste calme opérateurs attendent appels doffres boursorama,Economy
afriquedevisasla plupart monnaies sous pression face demande dollars zonebourse suisse,Economy
abidjan casablanca lagos… qu’il faut retenir boom bourses africaines jeune afrique,Economy
construire prochaine génération praticiens matière darmes légères petit calibre dixneuf boursiers terminent première bourse lunoda lafrique united nations office for disarmament affairs unoda,Economy
côte d’ivoire ouvre bourse matières premières agricoles première afrique l’ouest mondefr,Economy
bourses d’afrique décryptées l’un rares gérants spécialisés comment dénicher pépites figaro bourse,Economy
premier ministre pham minh chinh visite bourse johannesburg lecourriervn,Economy
weekaheadafricafxla plupart monnaies africaines sous pression face demande dollars zonebourse suisse,Economy
marchés financiers place tunisienne parmi cinq premières d’afrique leconomiste maghrebin,Economy
canal prépare cotation bourse johannesburg après rachat multichoice the media leader,Economy
carine kogné johannes amos kodjo lauréats bourse ghislaine dupont claude verlon rfi,Economy
bourse pourquoi l’ipo bgfi joue finalement prolongations jeune afrique,Economy
chine entame tournée diplomatique annuelle afrique développer routes commerciales stratégiqu boursorama,Economy
maroc bourse casablanca bat records risque l’explosion d’une possible bulle spéculative mondefr,Economy
production manufacturière sudafricaine recule an novembre zonebourse suisse,Economy
principal diplomate chinois tournée afrique accent routes commerciales stratégiques zonebourse suisse,Economy
airtel africa sassocie starlink lancer service direct cellules marchés boursorama,Economy
afrique louest cargaisons brut angolais peinent trouver preneur lattention porte appels doffres zonebourse,Economy
exploration pétrolière coup darrêt totalenergies afrique sud boursorama,Economy
fintech flutterwave olugbenga agboola bourse n’est fin soi jeune afrique,Economy
principal diplomate chinois entame tournée stratégique afrique zonebourse,Economy
chevron cherche explorer lafrique louest stratégique après accord offshore guinéebissau boursorama,Economy
bourse malawi plus performante dafrique après hausse troisième trimestre dabafinance,Economy
samba assurances prévoit introduction bourse valeurs mobilières dafrique centrale bvmac dabafinance,Economy
choses savoir valdene reddy future patronne bourse johannesburg jeune afrique,Economy
comment bourse d’afrique centrale compte quitter queue peloton jeune afrique,Economy
appel candidatures – bourse soutien d’africa check factchecking afrique l’ouest africa check,Economy
comment investir bourse république centre africaine guide complet débuter sereinement dabafinance,Economy
bourse d’études yango fellowship lancée pays africains former prochaine génération leaders stim african media agency,Economy
afrique louis banga ntolo bâtisseur d’une bourse régionale plus active africa tv,Economy
afrique défis création d’une bourse cacao africa tv,Economy
afrique sud valdene reddy prend tête bourse johannesburg financial afrik,Economy
bourse johannesburg envisage échanges heures contexte dune évolution mondiale dabafinance,Economy
bourse d’afrique centrale enfin réveil jeune afrique,Economy
canal envisage sintroduire bourse johannesburg après laccord milliards dollars conclu multichoice dabafinance,Economy
lintroduction bourse bgfi holding attendue longue date approuvée autorités régulation dabafinance,Economy
fintech optasia fait entrée bourse johannesburg african markets,Economy
bourse sudafricaine franchit nouveau record points dabafinance,Economy
bourse ghana surpasse lafrique louest hausse plus premier trimestre dabafinance,Economy
comment investir bourse republic of congo dabafinance,Economy
investir bourse pétrole vautil mieux miser exxonmobil totalenergies investir echos,Economy
marchés africains comment places johannesburg lagos défient macroéconomie jeune afrique,Economy
afrique sud fintech optasia vise millions dollars via introduction bourse financial afrik,Economy
bgfibank holding lancera introduction bourse bvmac dollars action moisci dabafinance,Economy
«comment faitil qu’une action air liquide côte d’ivoire inscrite marché boursier d’afrique l’ouest» figaro bourse,Economy
afrique sud cell lève millions dollars prélude introduction bourse johannesburg financial afrik,Economy
bourse zimbabwe rejoint cercle bourses africaines cotées african markets,Economy
choses savoir tarik senhaji nouveau patron gendarme boursier maroc jeune afrique,Economy
bfa l’introduction bourse réveille place financière luanda jeune afrique,Economy
airtel africa confirme plan dintroduction bourse unité téléphonie mobile dabafinance,Economy
bourse zimbabwe sinscrit cote cadre dun mouvement historique dabafinance,Economy
comment mtn airtel bua font exploser records bourse nigériane jeune afrique,Economy
afrique sud canal poursuit stratégie panafricaine cotation secondaire bourse johannesburg financial afrik,Economy
bourse rwanda va lancer plateforme finance verte stimuler l’investissement durable african markets,Economy
groupe vicenne s’introduit bourse accélérer développement afrique snrtnews,Economy
comment investir bourse niger dabafinance,Economy
bgfi holding relance introduction bourse dafrique centrale récit d’une ipo mouvementée bvmac african markets,Economy
asp isotopes rejoint main board bourse johannesburg african markets,Economy
côte divoire ouverture abidjan première bourse matières premières dafrique louest rfi,Economy
rwanda bourse lance plateforme dédiée finance verte africa news agency,Economy
altvest première entreprise africaine cotée bourse adopter bitcoin comme actif réserve dabafinance,Economy
afrique bad veut plus grande mobilisation bourses financement continent boursenews,Economy
comment investir bourse équatorial guinea dabafinance,Economy
cocacola hbc va acquérir cocacola beverages africa milliards vise bourse johannesburg african markets,Economy
fautil retenir l’ipo géant bancaire nigérian gtb londres jeune afrique,Economy
moncef belkhayat « vise cinq introductions bourse casablanca d’ici » jeune afrique,Economy
comment investir bourse cameroun qu’il faut savoir dabafinance,Economy
samb’a assurances prépare entrée bvmac bourse dafrique centrale african markets,Economy
somalie lance première bourse valeurs mobilières african markets,Economy
dix plus grandes bourses dafrique capitalisation boursière dabafinance,Economy
côte divoire lance première bourse produits agricoles luemoa dabafinance,Economy
corrine ormon directrice brvm explique pourquoi pme sintroduisent bourse techcabal,Economy
tarik senhaji bourse casablanca « système financier performant c’est outil souveraineté économique » jeune afrique,Economy
bourse tunis remporte prix meilleure bourse africaine promotion culture financière اكسبراس أف أم,Economy
l’éthiopie relance bourse accélère libéralisation l’économie point,Economy
firstrand reprend clients actifs hsbc afrique sud african markets,Economy
entreprises familiales marocaines s’ouvrent enfin bourse,Economy
tf tf disponible afrique francophone abc bourse,Economy
bourse tunis sacrée meilleure bourse d’afrique éducation financière euromoney webmanagercenter,Economy
bourse six plus grosses capitalisations l’afrique nord marocaines vie éco,Economy
bank of africa marge progression encore importante bourse medias,Economy
tarik senhaji bourse casablanca « voulons offrir investisseurs instruments supplémentaires africabusinesspluscom,Economy
bourse casablanca troisième place africaine progresse برلمانكوم,Economy
calendrier prochaines introductions bourse groupe dangote african markets,Economy
bourse brvm clôture hausse sitab bernabe tête gagnants dabafinance,Economy
comment investir bourse benin dabafinance,Economy
marché financier moderne banque centrale mauritanie s’appuie bourse casablanca afrique,Economy
secteur financier domine marchés boursiers africains banques tête cotations dabafinance,Economy
groupe vicenne entre bourse soutenir croissance maroc afrique industrie maroc,Economy
stokvis nord afrique résorbe pertes premier semestre boursenews,Economy
ouverture première bourse matières premières dafrique louest allafricafr,Economy
promesse mystocks réside laccès bourse numérique panafricaine techcabal,Economy
marché cinquante ans après fermeture lethiopie relance bourse séduire investisseurs étrangers bfm bourse,Economy
chronique hebdomadaire marchés africains août african markets,Economy
meridiam repart loffensive afrique abc bourse,Economy
côte d’ivoire lance officiellement bourse matières premières agricoles bmpa ci african markets,Economy
stokvis nord afrique chiffre d’affaires bondit boursenews,Economy
airtel africa s’offre poussée bourse confiance renouvelée investisseurs afriqueitnewscom,Economy
bourse valeurs mobilières l’afrique centrale plus milliards f d’obligations cote cameroontribune,Economy
agriculture après entrée bourse ambitions cmgp group maroc l’afrique telquelma,Economy
ll a ans puissance bancaire financière afrique macron veut entreprises françaises réinvestissent continent seules celles faim bfm,Economy
afrique rivalités stratégiques continent investir institut montaigne,Economy
l’avenir l’amont afrique dynamique s’accélère discipline matière d’investissement reste obstacle african energy chamber,Economy
quelles perspectives l’investissement industries culturelles créatives afrique afd agence française développement,Economy
ia afrique bad appelle garanties publiques mobiliser l’investissement privé tribune,Economy
secteurs porteurs afrique où investir bpifrance,Economy
investissement solidaire afrique france a tout gagner lopinion,Economy
james mworia centum « devons encourager culture l’épargne afrique » jeune afrique,Economy
ambroise fayolle viceprésident bei investir plus milliards deuros deux ans venir énergies renouvelables afrique touteleuropeeu,Economy
guide d’investissement investir afrique sud tourism,Economy
fonds qatari almansour promet milliards dollars d’investissements afrique australe mondefr,Economy
lafd augmente investissements outremer réduit laide lafrique outremer ère,Economy
afrique investissements étrangers atteignent niveau record trade and development unctad,Economy
porter investissements infrastructures milliards usd an permettrait doubler pib l’afrique d’ici oecd,Economy
adaptation changement climatique afrique comprendre planifier investir afd agence française développement,Economy
nouvelles frontières l’investissement mondial afrique tribune,Economy
« investir infrastructures question survie l’afrique » lopinion,Economy
afrique plus forte nécessite politiques d’investissement plus solides african energy chamber,Economy
afrique « côte divoire crée nouvelles opportunités dinvestissements matières premières echos,Economy
investir afrique rendement impact héritage diaspora dabafinance,Economy
énergies renouvelables afrique berd porte millions deuros investissement infinity tribune,Economy
qatar va multiplier annonces d’investissements afrique lors dune tournée diplomatique rfi,Economy
afrique orientale australe investissements étrangers atteint niveaux record trade and development unctad,Economy
tendances opportunités matière dinvestissement touristique afrique tourism,Economy
litalie accueille sommet investissements afrique soutenu lunion européenne euronewscom,Economy
japon groupe banque africaine développement renforcent partenariat stimuler l’investissement privé afrique african development bank group,Economy
lagence française développement maintient investissements réduit ceux afrique rfi,Economy
millions deuros investis l’ia émirats positionnent tournant numérique africain tribune,Economy
afrique milliards usd d’investissements chinois africa tv,Economy
afrique duel étatsunischine redessine carte investissements économiques continent tvmonde,Economy
afrique forum dinvestissement africain milliards usd dintérêts dinvestissement mobilisés depuis africa tv,Economy
nigeria tanzanie chine accélère investissements afrique nouvelles routes soie tvmonde,Economy
tendances l’investissement direct étranger marchés émergents focus l’afrique trade and development unctad,Economy
carlyle retour opportuniste géant américain l’investissement afrique jeune afrique,Economy
record dinvestissements directs étrangers lafrique orientale australe l’europe contributeur majeur tribune,Economy
chambre africaine l’énergie accueillera forum d’investissement g ouvrir voie investissements énergétiques fort impact afrique african energy chamber,Economy
lavenir industriel lafrique portée main dont besoin aujourdhui cest dinvestissements ciblés africa renewal,Economy
urbanisation durable afrique débloquer linvestissement mobiliser financements durables oecd,Economy
rd congo fonds qatari souhaite investir milliards dollars divers secteurs tvmonde,Economy
soutenue l’ue giorgia meloni investit afrique limiter l’émigration mondefr,Economy
opinion « afrique tournée discrète stratégique cousin lémir qatar » tribune,Economy
communiqué quatrième forum afriquecaraïbes commerce linvestissement african exportimport bank,Economy
afrique sud sommet l’accès l’eau question priorité d’investissement rfi,Economy
investissements afrique effacement civilisationnel europe ressort stratégie sécurité américaine tvmonde,Economy
ticad japon veut plus dinvestissements entreprises afrique rfi,Economy
afrique investissement millions deuros troisième fonds francoafricain destiné pme moci,Economy
qatar prêt investir milliards dollars rdc annonce kinshasa mondefr,Economy
savonsnous banque dinvestissement développement laes bbc,Economy
investissements étrangers atteint niveau record afrique sustainable development group,Economy
lafrique sous linfluence russe investissements africa corps remplacent wagner tribune,Economy
dhl investi m€ développer afrique subsaharienne ports corridors,Economy
dernières tendances capitalinvestissement afrique financial afrik,Economy
adrian hopebailie facilite l’épargne l’investissement afrique we are tech,Economy
afrique sud plan d’investissement leurope milliards d’euros lepetitjournalcom,Economy
mali bamako accueille premier forum d’investissement l’oci afrique africa news agency,Economy
investissement botswana côte d’ivoire afrique sud tête économies subsahariennes mieux notées africa news agency,Economy
forum g investissements énergétiques afrique souligne rôle essentiel fonds pension réduction déficit d’investissement afrique african energy chamber,Economy
économie investissements afrique dynamique contrastée tvmonde,Economy
outsourcing face l’essor marché afrique cci global veut investir millions deuros tribune,Economy
meilleures opportunités d’investissement diaspora africaine dabafinance,Economy
rapport pnud afrique perspectives d’investissement united nations development programme,Economy
président qatar al mansour promet milliards dollars six pays africains cadre politique golfe dabafinance,Economy
société nigériane bamboo simplante afrique sud offre accès stocks américains dabafinance,Economy
afrique orientale australe investissements étrangers atteignent sommets historiques africa news agency,Economy
investissements hôteliers où trouver opportunités long terme plus solides afrique afrique,Economy
recouvrement créances afrique clés sécuriser investissements classe export,Economy
chambre africaine lénergie accueillera forum dinvestissement g ouvrir voie investissements énergétiques fort impact afrique african energy chamber,Economy
investissement seychelles maurice tête afrique africa news agency,Economy
afrique l’aes finalise mise place banque confédérale d’investissement développement anadolu ajansı,Economy
comment clubs d’investissement diaspora investissent afrique daba dabafinance,Economy
keysfinance partners banque d’affaires spécialisée l’investissement afrique subsaharienne bfm,Economy
pdg l’africa finance corporation rejoint forum g chambre africaine l’énergie contexte d’investissements audacieux afrique african energy chamber,Economy
« l’afrique a besoin moins dons plus d’investissements » mondefr,Economy
sommet étatsunis‑afrique vers nouvelle ère d’investissement africa news agency,Economy
afrique milliards usd d’investissements britanniques afrique francophone africa tv,Economy
côte d’ivoire etatsunis prêts investir milliards dollars secteur l’énergie mondefr,Economy
maroc • washington sapprête donner feu vert investissements sahara occidental africa intelligence,Economy
etendre linfluence litalie sans paternalisme meloni va investir milliards afrique limiter limmigration clandestine bfm,Economy
engagement armé investissement massif émirats arabes unis nouveaux parrains l’afrique l’est figaro,Economy
bearingpoint financer linfinançable afrique linvestissement impact levier transformation structurelle africapresseparis,Economy
contrer linfluence chinoise afrique lue veut muscler investissements pays sud atteindre milliards deuros dici bfm,Economy
afrique sud signature premier partenariat commercial d’investissement propre ctip africa news agency,Economy
plan d’action l’accès l’énergie autonomiser l’afrique grâce l’innovation l’investissement african energy chamber,Economy
sommet uaeafrica tourism investment nouvelles perspectives l’industrie mice deplacements pros,Economy
groupe banque africaine développement michael bloomberg vont stimuler linvestissement privé afrique african development bank group,Economy
réunion d’annonce contributions e reconstitution fonds africain développement suscite grands espoirs mobiliser investissements nécessaires besoins développement l’afrique african development bank group,Economy
proptech investissements afrique grimpent premier semestre we are tech,Economy
afrique forum économique istanbul mise linvestissement afriqueturquie allafricafr,Economy
norfund va investir millions deuros producteur d’électricité sudafricain mulilo tribune,Economy
afrique mia’s couteau suisse investir l’immobilier continent destimed,Economy
afrique sud banque africaine développement approuve investissement millions dollars nyanza light metals promouvoir transformation titane grande échelle african development bank group,Economy
derniers deals capital investissement afrique financial afrik,Economy
l’économiste chef banque africaine développement souligne force économique potentiel d’investissement l’afrique african development bank group,Economy
top africain l’investissement journée l’afrique dossier ahraminfo,Economy
investissements privés l’afrique contrecourant déprime mondiale jeune afrique,Economy
pdg blackrock veut révolutionner l’investissement l’afrique pourraitelle profiter jeune afrique,Economy
soutenue lue giorgia meloni mise investissements afrique limiter lémigration lopinion,Economy
secteurs porteurs afrique où investir bpifrance répond classe export,Economy
rapport groupe d’experts g appelle allègement coordonné dette hausse investissements développement l’afrique african development bank group,Economy
forum l’investissement afrique agriculture minerais énergie l’oci s’intéresse potentiel malien afrique,Economy
« vivons faim » niger pire crise économique depuis génération jeune afrique,Economy
nigeria crise économique complique lutte contre contrefaçon médicaments mondefr,Economy
malawi crise économique cœur élections générales courrier international,Economy
sénégal face crise dette dakar mise diaspora soutenir levées fonds tribune,Economy
indicateurs conjoncture tresoreconomiegouvfr,Economy
baromètre économique communauté économique monétaire lafrique centrale – printemps banque mondiale,Economy
economie voici top économies plus puissantes afrique subsaharienne bbc,Economy
cocktails plus euros alors nigéria traverse pire crise économique depuis ans clubs capitale lagos misent dînersspectacles exubérants bfm,Economy
sénégal face lengrenage crise économique librebe,Economy
l’afrique subsaharienne entre résilience économique crise lemploi allafricafr,Economy
journal lafrique sénégal nouveau plan redressement économique contrer crise france,Economy
malawi campagne présidentielle fond crise économique aigüe rfi,Economy
rapport développement économique afrique onu commerce développement cnuced trade and development unctad,Economy
rd congo habitants goma frappés crise économique taxes imposées tvmonde,Economy
ghana entend attirer investisseurs présentant budget quasiéquilibre rfi,Economy
crise dette sénégal notation fmi marchés… signaux passent rouge jeune afrique,Economy
entre paris alger dialogue économique reprend dépit crise diplomatique persiste mondefr,Economy
rdc rentrée classes marquée crise économique l’insécurité l’est pays rfi,Economy
somalie pénurie d’eau provoque grave crise sanitaire économique selon ong rfi,Economy
taxes américaines bad craint crise économique afrique apanews agence presse africaine,Economy
tchad crise dette intérieure pousse patrons « l’exil économique » tribune,Economy
l’économie africaine changement climatique crise économique mondiale comment l’afrique faitelle face afd agence française développement,Economy
l’afrique sous menace d’une violente crise économique mondefr,Economy
crise économique burundi président accuse fonctionnaires conduire pays «à mort afrique,Economy
afrique péril imminent d’une crise énergétique incontrôlée africtelegraph,Economy
angola “la crise économique sociale politique très profonde” selon politologue didier péclard africaradiocom,Economy
afrique sud pays bord faillite point,Economy
nigeria président tinubu assure fin crise économique proche afrique,Economy
secoué grave crise économique ghana élit président echos,Economy
léconomie africaine afd agence française développement,Economy
afrique économie crise économique nigeria investisseurs étrangers sous pression rfi,Economy
burundi pays crise économique belgique dit prête soutenir “d’égal égal” libre afrique,Economy
afrique sud économie courant alternatif finance tous,Economy
burundi régime crise jeunesse fuit pays masse afrique xxi,Economy
effondrement monnaie explosion prix carburant nigeria crise économique affame millions personnes magazine geo,Economy
afrique crise économique liée covid human rights watch,Economy
nigeria va inclure activités « illégales » calcul pib mondefr,Economy
nigeria crise économique cesse saggraver tvmonde,Economy
video pourquoi legypte connaît crise économique sans précédent echos,Economy
crise économique s’installe nigeria mondefr,Economy
nigéria stratégie néolibérale aggrave crise économique cadtm,Economy
tunisie crise économique sociale s’éternise mondefr,Economy
nigeria géant dafrique tourmente echos,Economy
comment ministre finances nigeria aide pays surmonter crise économique mondiale africa renewal,Economy
pandémie covid vers récession planétaire d’une ampleur sans précédent finance tous,Economy
afrique sud cyril ramaphosa lassaut crise économique point,Economy
crise sociale secoue nigeria echos,Economy
rongé l’inflation défiance ghana s’effondre « c’est pire crise économique j’aie connue » mondefr,Economy
cémac faitelle face risque dune crise monétaire dw,Economy
liban menacé dune « crise sans fin » selon fmi echos,Economy
afrique sud effondrement spectaculaire léconomie deuxième trimestre echos,Economy
vidéo burundi crise économique sans précédent tvmonde,Economy
prendre pouls l’économie africaine banque mondiale,Economy
ghana démocratie plombée crise économique point,Economy
crise économique majeure nigeria tvmonde,Economy
nord nigeria habitants étouffés crise économique l’insécurité mondefr,Economy
tunisie milliers personnes manifesté contre crise socioéconomique touche pays mondefr,Economy
rdc crise aussi économique mondefr,Economy
ghana plombé crise économique président nana akufoaddo purge gouvernement mondefr,Economy
vidéo nigeria secoué crise économique sociale tvmonde,Economy
afrique l’est inégalités extrêmes chiffres oxfam,Economy
ghana senfonce grave crise économique africanews,Economy
zimbabwe ans règne mugabe ans crise économique africanews,Economy
a paris trentaine dirigeants réunis aider lafrique sortir crise économique lejddfr,Economy
nigéria stratégie néolibérale aggrave crise économique mediapart,Economy
nigeria jeunes choisissent l’exil pleine crise économique « si dois partir route n’hésiterai non plus » mondefr,Economy
maroc mécontentement social s’accentue face crise économique aggravée chômage hausse prix – al news al news,Economy
forum économique mondial davos lafrique vante potentiels point,Economy
tunisie cinq chiffres comprendre crise économique jeune afrique,Economy
pleine crise économique ghana sollicite laide fmi africanews,Economy
brics finance tous,Economy
crise économique relance contestation syrie echos,Economy
crise économique tchad africanews,Economy
enfants victimes collatérales coronavirus pays pauvres echos,Economy
covid pic crise sanitaire afrique atteint avant plusieurs mois echos,Economy
sénégal crise politique menace l’essor économique lexpress,Economy
crise économique assombrit fêtes afrique voa afrique,Economy
ghana président veut rassurer crise économique africanews,Economy
quelles solutions sortir soudan crise économique business africa africanews,Economy
cemac appelle action urgente face crise économique voa afrique,Economy
bénin touché ricochets crise économique frappe nigeria mondefr,Economy
présidentielle kenya fin dune campagne dominée crise économique france,Economy
l’afrique crise économique mondiale africa renewal,Economy
journal lafrique soudan sud anniversaire lindépendance fond crise économique majeure juba france,Economy
crise covid amplifie l’urgence diversification économique afrique africa renewal,Economy
république congo répression voix dissidentes alors crise économique exacerbe défaillances système santé amnesty international,Economy
crise économique nigeria bola tinubu défend réformes journal lafrique france,Economy
l’union africaine doitelle s’impliquer crise moyenorient iss africa,Economy
ghana fait face grave crise économique dw,Economy
ghana senfonce grave crise économique voa afrique,Economy
changement climatique crise économique mondiale comment l’afrique vatelle réagir afrimag,Economy
crise mali six questions echos,Economy
crise niger blocus économique possible recours force lafrique louest hausse exige retour complet lordre constitutionnel ladepechefr,Economy
enlisée crise économique tunisie bord défaut paiement france,Economy
tribune urgence santé économique sauver pme startup africaines jeune afrique,Economy
rapport l’impact économique court moyen termes crise ebola afrique l’ouest banque mondiale,Economy
covid crise économique sommet paris mardi tenter sauver l’afrique linfore,Economy
relance afrique quel rôle entreprises institut montaigne,Economy
chefs religieux africains recommandent investissements importants faire face crise économique continent aciafriqueorg,Economy
zambie élit président fond crise économique france,Economy
